{
  "shanten": 1000,
  "ukeire": 15.565235014877778,
  "handValue": 8,
  "defense": 800,
  "tempo": 3,
  "openPenalty": 0.5,
  "aggressionBase": 0.6548408496721002,
  "defenseThreshold": 0.5
}